{"LF": -36.84758610736317, "RF": -36.7160758143625, "RB": -33.63123389176991, "LB": -30.97011632978258, "EYE": -37.22091579167197, "LF_ERR": 0.32661828943254806, "LF_COUNT": 368, "RF_ERR": 0.5309756692524248, "RF_COUNT": 153, "RB_ERR": 0.5246800984911288, "RB_COUNT": 359, "LB_ERR": 0.7900212672764471, "LB_COUNT": 167, "NAME": "YUTU", "ISO_TIME": "2018-10-28 04:30:00", "USA_SSHS": 4.0, "USA_WIND": 130.0, "STORM_SPEED": 10.0, "STORM_DIR": 267.0}