{"LF": 0.45515173577017753, "RF": 0.29672671006826834, "RB": 0.23353000847617789, "LB": 0.23056255998758962, "EYE": 1.0079327444605304, "LF_ERR": 0.45515173577017753, "LF_COUNT": 420, "RF_ERR": 0.29672671006826834, "RF_COUNT": 695, "RB_ERR": 0.23353000847617789, "RB_COUNT": 736, "LB_ERR": 0.23056255998758962, "LB_COUNT": 609, "NAME": "LEKIMA", "ISO_TIME": 