{"LF": -31.641936970505874, "RF": -33.12769193529362, "RB": -29.676818969368522, "LB": -34.338427720319245, "EYE": -24.671439290615453, "LF_ERR": 0.8460884708544857, "LF_COUNT": 162, "RF_ERR": 0.8019666314681587, "RF_COUNT": 151, "RB_ERR": 0.9287703725319724, "RB_COUNT": 176, "LB_ERR": 0.4552478140350437, "LB_COUNT": 342, "NAME": "IRMA", "ISO_TIME": "2017-09-07 18:06:00", "USA_SSHS": 5.0, "USA_WIND": 144.9, "STORM_SPEED": 14.0, "STORM_DIR": 288.93333333333334}