{"LF": -32.85065992405378, "RF": -34.43246117615897, "RB": -28.05769977019123, "LB": -36.89535474342251, "EYE": -27.255021214063387, "LF_ERR": 0.6093469980021069, "LF_COUNT": 225, "RF_ERR": 0.6748779211790166, "RF_COUNT": 138, "RB_ERR": 4.445222047455396, "RB_COUNT": 3, "LB_ERR": 0.517774390635744, "LB_COUNT": 140, "NAME": "IRMA", "ISO_TIME": "2017-09-06 18:24:00", "USA_SSHS": 5.0, "USA_WIND": 150.0, "STORM_SPEED": 14.133333333333333, "STORM_DIR": 292.1333333333333}