{"LF": -28.83863659700701, "RF": -21.966074073898127, "RB": -34.433027778230745, "LB": -32.753093122298296, "EYE": NaN, "LF_ERR": 1.0834344920124843, "LF_COUNT": 169, "RF_ERR": 1.911745681039207, "RF_COUNT": 41, "RB_ERR": 0.4149535510216588, "RB_COUNT": 418, "LB_ERR": 0.45689401440372174, "LB_COUNT": 478, "NAME": "YUTU", "ISO_TIME": "2018-10-29 04:12:00", "USA_SSHS": 4.0, "USA_WIND": 120.0, "STORM_SPEED": 15.4, "STORM_DIR": 326.2}