{"LF": -37.90258716402474, "RF": -36.446031396844134, "RB": -31.66480946357976, "LB": -33.790206631458666, "EYE": -34.4801567308677, "LF_ERR": 0.9810701531077451, "LF_COUNT": 23, "RF_ERR": 0.6347284377287745, "RF_COUNT": 85, "RB_ERR": 0.649361563521278, "RB_COUNT": 227, "LB_ERR": 0.39169234822798144, "LB_COUNT": 436, "NAME": "IRMA", "ISO_TIME": "2017-09-06 16:42:00", "USA_SSHS": 5.0, "USA_WIND": 154.66666666666666, "STORM_SPEED": 13.066666666666666, "STORM_DIR": 292.93333333333334}