{"LF": 0.5083731810651911, "RF": 0.7806626099758195, "RB": 0.3589766556704767, "LB": 0.46082874226749176, "EYE": NaN, "LF_ERR": 0.5083731810651911, "LF_COUNT": 280, "RF_ERR": 0.7806626099758195, "RF_COUNT": 292, "RB_ERR": 0.3589766556704767, "RB_COUNT": 683, "LB_ERR": 0.46082874226749176, "LB_COUNT": 266, "NAME": "WALAKA", "ISO_TIME": "2018-10-03 00:36:00", "USA_SSHS": "4.0", "USA_WIND": "115.0", "STORM_SPEED": "12.2", "STORM_DIR": "288.0"}