{"LF": -28.68527224238656, "RF": -34.03542526358795, "RB": -32.683550178587396, "LB": -29.90193803565217, "EYE": -36.12154466253158, "LF_ERR": 0.926465438235251, "LF_COUNT": 172, "RF_ERR": 0.9488856754313345, "RF_COUNT": 87, "RB_ERR": 0.5904944655499261, "RB_COUNT": 182, "LB_ERR": 0.6146238459611996, "LB_COUNT": 269, "NAME": "IRMA", "ISO_TIME": "2017-09-05 17:00:00", "USA_SSHS": 5.0, "USA_WIND": 154.0, "STORM_SPEED": 14.0, "STORM_DIR": 281.3333333333333}