{"LF": 0.6324372223756187, "RF": 0.339966326399947, "RB": 0.4320764723598246, "LB": 0.3645589737185191, "EYE": 0.5024966378353776, "LF_ERR": 0.6324372223756187, "LF_COUNT": 263, "RF_ERR": 0.339966326399947, "RF_COUNT": 385, "RB_ERR": 0.4320764723598246, "RB_COUNT": 530, "LB_ERR": 0.3645589737185191, "LB_COUNT": 299, "NAME": "WALAKA", "ISO_TIME": "2018-10-02 00:54:00", "USA_SSHS": "5.0", "USA_WIND": "140.0", "STORM_SPEED": "6.3", "STORM_DIR": "320.9"}