{"LF": -35.99283282730988, "RF": -36.2872957465881, "RB": -36.028512008773106, "LB": -35.41674698216869, "EYE": -28.719691115119428, "LF_ERR": 0.38447735604794975, "LF_COUNT": 425, "RF_ERR": 0.5075304286047817, "RF_COUNT": 190, "RB_ERR": 7.647618713317609, "RB_COUNT": 2, "LB_ERR": 0.33140454279078657, "LB_COUNT": 346, "NAME": "YUTU", "ISO_TIME": "2018-10-24 04:06:00", "USA_SSHS": 5.0, "USA_WIND": 139.93333333333334, "STORM_SPEED": 11.0, "STORM_DIR": 307.73333333333335}