{"LF": -36.65054323562457, "RF": -33.96987283004829, "RB": -35.18981619719539, "LB": -33.76928620140982, "EYE": -36.31726264790985, "LF_ERR": 0.31270715586625397, "LF_COUNT": 448, "RF_ERR": 0.6116813431231052, "RF_COUNT": 201, "RB_ERR": 0.2915154211318644, "RB_COUNT": 486, "LB_ERR": 0.43066478206651787, "LB_COUNT": 394, "NAME": "YUTU", "ISO_TIME": "2018-10-25 03:48:00", "USA_SSHS": 5.0, "USA_WIND": 146.46666666666667, "STORM_SPEED": 9.733333333333333, "STORM_DIR": 282.53333333333336}