{"LF": -33.983457955202574, "RF": -36.30318361230246, "RB": -31.30597508942423, "LB": -34.29440222249808, "EYE": NaN, "LF_ERR": 0.387972744247712, "LF_COUNT": 597, "RF_ERR": 0.43591793831396564, "RF_COUNT": 345, "RB_ERR": 0.48788768949533945, "RB_COUNT": 530, "LB_ERR": 0.44377545904502835, "LB_COUNT": 424, "NAME": "YUTU", "ISO_TIME": "2018-10-27 03:12:00", "USA_SSHS": 5.0, "USA_WIND": 144.66666666666666, "STORM_SPEED": 13.866666666666667, "STORM_DIR": 277.8666666666667}