{"LF": -33.46324727537616, "RF": -33.03929025430713, "RB": -32.70568678561412, "LB": -35.05002501689164, "EYE": -33.173314620540204, "LF_ERR": 0.7532917571558172, "LF_COUNT": 157, "RF_ERR": 0.45023523649815556, "RF_COUNT": 292, "RB_ERR": 0.6266346531885819, "RB_COUNT": 254, "LB_ERR": 0.3972041913197128, "LB_COUNT": 330, "NAME": "IRMA", "ISO_TIME": "2017-09-08 17:48:00", "USA_SSHS": 5.0, "USA_WIND": 139.8, "STORM_SPEED": 11.066666666666666, "STORM_DIR": 276.2}