{"LF": -38.50436470406687, "RF": -34.92565009692095, "RB": -32.65654062584017, "LB": -34.09352435135472, "EYE": -38.598037347233166, "LF_ERR": 0.24433819708965543, "LF_COUNT": 262, "RF_ERR": 0.5308310594505509, "RF_COUNT": 236, "RB_ERR": 0.45930287754622373, "RB_COUNT": 426, "LB_ERR": 0.4881505607977506, "LB_COUNT": 286, "NAME": "YUTU", "ISO_TIME": "2018-10-26 03:30:00", "USA_SSHS": 5.0, "USA_WIND": 137.5, "STORM_SPEED": 12.166666666666666, "STORM_DIR": 277.1666666666667}